{
  "eth_blockNumber": {
    "FREE_RPC": [
      775.1220420002937,
      379.29495899379253,
      324.3722919970751,
      287.1982080042362,
      281.0344589948654,
      270.73749999701977,
      304.9797079861164,
      326.18779200315475,
      328.3012920022011,
      317.9740419983864
    ],
    "OUR_NODE": [
      363.0069580078125,
      344.4576669931412,
      356.2814580053091,
      339.5217919945717,
      352.18437500298023,
      349.50966699421406,
      346.54008300602436,
      352.7107920050621,
      352.08975000679493,
      344.82779198884964
    ],
    "HYPERRPC": [
      552.7490829974413,
      532.7220419943333,
      536.3097500056028,
      521.5037909895182,
      523.9912499934435,
      534.6171249896288,
      530.772666990757,
      529.737916007638,
      528.9722919911146,
      542.0737080127001
    ],
    "LOCAL_PROXY": [
      191.36208300292492,
      181.255667001009,
      181.86975000798702,
      182.6884580105543,
      179.58274999260902,
      180.98974999785423,
      187.27479100227356,
      182.11158400774002,
      184.79133300483227,
      183.61670799553394
    ],
    "BLAST": [
      219.90604200959206,
      197.89804200828075,
      573.0741670131683,
      201.43320800364017,
      194.85324999690056,
      199.72958299517632,
      204.7036249935627,
      192.4596669971943,
      654.4590419977903,
      672.9414169937372
    ]
  },
  "eth_getLogs": {
    "FREE_RPC": [
      309.33429101109505,
      292.2051250040531,
      293.5825419872999,
      295.7852910012007,
      289.47595800459385,
      315.5730420053005,
      281.4212909936905,
      283.022750005126,
      286.98716700077057,
      318.10037499666214
    ],
    "OUR_NODE": [
      344.23304200172424,
      347.17733301222324,
      344.98624999821186,
      344.7975839972496,
      345.48891700804234,
      349.18366700410843,
      341.63324999809265,
      356.26908299326897,
      350.61124999821186,
      350.08087499439716
    ],
    "HYPERRPC": [
      534.4902079999447,
      531.4177079945803,
      523.961624994874,
      538.5795409977436,
      520.7317499965429,
      538.194291010499,
      516.3147500008345,
      527.7683330029249,
      524.2525419890881,
      536.7200410068035
    ],
    "LOCAL_PROXY": [
      183.85254099965096,
      184.2415829896927,
      184.13808301091194,
      181.19933399558067,
      178.17904199659824,
      185.83245800435543,
      186.36104200780392,
      181.43900001049042,
      179.93154199421406,
      178.54879100620747
    ],
    "BLAST": [
      205.82308299839497,
      199.40220800042152,
      200.65795899927616,
      209.52099999785423,
      216.33175000548363,
      202.94562500715256,
      220.95299999415874,
      289.860749989748,
      228.58875000476837,
      210.99654200673103
    ]
  },
  "eth_getBlockReceipts": {
    "FREE_RPC": [
      316.9686250090599,
      315.5612079948187,
      293.58566699922085,
      287.81629198789597,
      290.60791701078415,
      804.215292006731,
      278.8469170033932,
      307.24283300340176,
      290.10058300197124,
      289.05391600728035
    ],
    "OUR_NODE": [
      343.166959002614,
      346.13366600871086,
      349.12633299827576,
      338.98341600596905,
      344.42254100739956,
      347.67833299934864,
      363.7995830029249,
      346.2042500078678,
      348.97129198908806,
      341.93899999558926
    ],
    "HYPERRPC": [
      535.2692909985781,
      531.6312499940395,
      527.1572919934988,
      537.9832080006599,
      530.6114159971476,
      517.5821660012007,
      530.4004170000553,
      531.3720840066671,
      528.9230410009623,
      537.0352919995785
    ],
    "LOCAL_PROXY": [
      179.55858398973942,
      193.63908399641514,
      175.64433299005032,
      182.00716699659824,
      185.65708400309086,
      186.61987499892712,
      180.67470800876617,
      189.07733400166035,
      191.44854199886322,
      180.9604170024395
    ],
    "BLAST": [
      207.41558399796486,
      384.292250007391,
      223.54991599917412,
      214.77754199504852,
      208.97841700911522,
      217.62929099798203,
      212.4042910039425,
      211.93116600811481,
      220.984375,
      212.06187500059605
    ]
  }
}