{
  "eth_blockNumber": {
    "FREE_RPC": [
      342.79375000298023,
      289.470208004117,
      292.88541699945927
    ],
    "OUR_NODE": [
      358.4739579856396,
      361.8584579974413,
      351.4967909902334
    ],
    "HYPERRPC": [
      720.9102500081062,
      555.3146660029888,
      547.5414169877768
    ],
    "LOCAL_PROXY": [
      604.1616670042276,
      187.93387500941753,
      186.33195900917053
    ],
    "BLAST": [
      290.2750840038061,
      266.31866700947285,
      430.7065000087023
    ]
  },
  "eth_getLogs": {
    "FREE_RPC": [
      1589.3778750002384,
      1539.8646669983864,
      2450.412874996662
    ],
    "OUR_NODE": [
      16981.960792005062,
      10774.986666992307,
      11177.493833005428
    ],
    "HYPERRPC": [
      1025.0727909952402,
      888.4243330061436,
      17062.73516599834
    ],
    "LOCAL_PROXY": [
      31205.06595800817,
      50787.73804099858,
      34635.24129199982
    ],
    "BLAST": [
      6639.447249993682,
      6247.801541998982,
      6857.062000006437
    ]
  },
  "eth_getBlockReceipts": {
    "FREE_RPC": [
      3445.61283300817,
      14999.83391700685,
      3627.463624998927
    ],
    "OUR_NODE": [
      2585.9053750038147,
      2414.1983750015497,
      2429.138833001256
    ],
    "HYPERRPC": [
      23759.34512500465,
      13995.004333004355,
      26198.936624988914
    ],
    "LOCAL_PROXY": [
      24948.983625009656,
      4825.95741699636,
      6097.296875
    ],
    "BLAST": [
      4652.009541004896,
      3792.4899580031633,
      7706.483833000064
    ]
  }
}