{
  "eth_blockNumber": {
    "FREE_RPC": [
      326.7170829921961,
      276.9178339987993,
      757.6957079917192,
      277.050416007638,
      309.1729169934988,
      293.07716700434685,
      295.16916701197624,
      377.5342499911785,
      290.85049998760223,
      277.38508400321007,
      296.86745899915695,
      285.4146250039339,
      271.2153749912977,
      291.78954200446606,
      289.65745900571346,
      283.4015000015497,
      292.1784159988165,
      753.7599999904633,
      275.59912499785423,
      265.21720899641514,
      285.18508400022984,
      277.04945799708366,
      270.0278339982033,
      266.32874999940395,
      296.2001250088215,
      277.64550000429153,
      270.2377499938011,
      284.60287499427795,
      286.2097909897566,
      276.64870800077915
    ],
    "OUR_NODE": [
      351.2216670066118,
      344.13970801234245,
      354.2316249907017,
      353.5840839892626,
      347.09579199552536,
      354.5069590061903,
      346.3145000040531,
      341.94325000047684,
      347.3605000078678,
      342.8555829972029,
      342.9690829962492,
      339.9851250052452,
      346.0865000039339,
      369.11354200541973,
      343.20070900022984,
      347.5701249986887,
      346.76358400285244,
      349.0743750035763,
      346.6649580001831,
      346.8940410017967,
      393.05533400177956,
      347.4497500061989,
      347.83604200184345,
      343.4211670011282,
      357.1053330004215,
      343.6087919920683,
      363.66200000047684,
      358.8226249963045,
      347.6463330090046,
      345.16716699302197
    ],
    "HYPERRPC": [
      581.6234589964151,
      590.7303339987993,
      534.7277079969645,
      529.4385419934988,
      537.2352920025587,
      535.9628750085831,
      542.7943339943886,
      542.4611670076847,
      618.0368340015411,
      526.430999994278,
      523.7309169918299,
      575.8608750104904,
      584.7125419974327,
      569.2410420030355,
      532.1640840023756,
      525.4392089992762,
      527.1960840076208,
      536.7903340011835,
      546.6518330127001,
      545.5907090008259,
      526.2982500046492,
      513.919875010848,
      525.1120419949293,
      536.665083989501,
      526.9751249998808,
      528.865457996726,
      534.9760830104351,
      521.9232920110226,
      534.4663750082254,
      522.0138750076294
    ],
    "LOCAL_PROXY": [
      580.2129170000553,
      177.16841599345207,
      196.56983399391174,
      181.05004200339317,
      185.7196249961853,
      178.15991699695587,
      176.7341659963131,
      176.05700001120567,
      183.82250000536442,
      179.166541993618,
      176.40604200959206,
      175.62587501108646,
      183.31066700816154,
      180.03550000488758,
      180.19849999248981,
      178.47329200804234,
      177.3297500014305,
      188.91866700351238,
      179.6816249936819,
      182.1507499963045,
      181.9368330091238,
      179.18091601133347,
      175.12383300065994,
      173.6251249909401,
      181.9535410106182,
      180.05737499892712,
      195.44391699135303,
      178.91237498819828,
      178.50862500071526,
      179.61262498795986
    ],
    "BLAST": [
      730.2646249979734,
      727.3069580048323,
      207.6068750023842,
      265.34225000441074,
      217.23591700196266,
      214.15483298897743,
      205.65374998748302,
      209.32437500357628,
      224.5024999976158,
      192.67425000667572,
      200.52333299815655,
      196.05587500333786,
      198.26391600072384,
      211.31624999642372,
      194.99904200434685,
      199.9124580025673,
      198.9315000027418,
      194.0612500011921,
      215.19733300805092,
      195.02250000834465,
      210.5182909965515,
      201.01899999380112,
      260.1660840064287,
      223.50520800054073,
      202.9462500065565,
      215.4144580066204,
      255.27545899152756,
      204.6274999976158,
      201.83049999177456,
      218.57995799183846
    ]
  },
  "eth_getLogs": {
    "FREE_RPC": [
      533.3594170063734,
      765.5840409994125,
      575.0082079917192,
      1059.0869999974966,
      659.5292920023203,
      857.312917008996,
      805.6328330039978,
      515.8834579885006,
      561.170416995883,
      822.9083749949932,
      505.7846660017967,
      1135.8582910001278,
      564.2394580096006,
      551.307875007391,
      703.0416249930859,
      477.35779199004173,
      633.5207090079784,
      569.2407080084085,
      575.8567499965429,
      483.5429579913616,
      1071.671457991004,
      556.3941670060158,
      634.4926250129938,
      493.56999999284744,
      676.9560839980841,
      523.4668340086937,
      543.1547079980373,
      906.3114169985056,
      530.2045419961214,
      670.6454170048237
    ],
    "OUR_NODE": [
      705.7561669945717,
      768.6847079992294,
      664.4412080049515,
      660.4068339914083,
      711.8076250106096,
      668.050458997488,
      772.6468329876661,
      764.239708006382,
      910.0768750011921,
      751.4998330026865,
      803.1546670049429,
      681.1449999958277,
      710.9224580079317,
      665.9822500050068,
      707.035458996892,
      749.913791000843,
      700.9689999967813,
      668.116833999753,
      719.9816670119762,
      772.6513749957085,
      713.1078329980373,
      708.2917499989271,
      720.535125002265,
      673.1314999908209,
      732.2967910021544,
      614.9251670092344,
      725.737832993269,
      496.0479589998722,
      688.8383339941502,
      698.9935410022736
    ],
    "HYPERRPC": [
      585.2167920023203,
      553.6671250015497,
      586.3045829981565,
      554.6847500056028,
      583.1089169979095,
      566.1696660071611,
      552.7355829924345,
      550.4578749984503,
      556.6211670041084,
      566.7114159911871,
      565.1435829997063,
      571.6577499955893,
      569.2322089970112,
      556.496332988143,
      578.6823330074549,
      549.9122499972582,
      556.5137919932604,
      551.0197080075741,
      562.0367909967899,
      560.9076669961214,
      547.8563330024481,
      552.9071249961853,
      572.8847500085831,
      557.1336670070887,
      604.8331250101328,
      568.8742499947548,
      559.0993340015411,
      564.8185420036316,
      555.3251670002937,
      574.7363750040531
    ],
    "LOCAL_PROXY": [
      959.9201249927282,
      629.6661249995232,
      422.4643329977989,
      459.822040989995,
      448.0202089995146,
      443.3084159940481,
      441.4625419974327,
      471.69041599333286,
      412.99395801126957,
      463.86904099583626,
      412.4552499949932,
      428.1132920086384,
      440.2577919960022,
      497.97933299839497,
      472.68579100072384,
      423.42604199051857,
      462.3376250118017,
      450.05087499320507,
      506.2849589884281,
      442.37570801377296,
      441.90574999153614,
      425.6236659884453,
      499.2710839956999,
      451.7868749946356,
      480.63275000452995,
      472.18204198777676,
      431.948209002614,
      465.84533400833607,
      448.1782079935074,
      430.7837499976158
    ],
    "BLAST": [
      961.603707998991,
      459.13199999928474,
      591.6839170008898,
      1094.7881250083447,
      2565.313875004649,
      579.5534999966621,
      1261.7313340008259,
      637.8134160041809,
      2217.2746249884367,
      1267.7848749905825,
      515.8420829921961,
      1160.4396249949932,
      594.7634160071611,
      1653.3101669996977,
      2184.768666997552,
      4063.2573339939117,
      586.1591669917107,
      1146.8326670080423,
      1228.4277089983225,
      1087.9846250116825,
      1440.4853750020266,
      648.7737500071526,
      529.6873749941587,
      1576.0839159935713,
      1157.2922089993954,
      1058.8484579920769,
      955.219374999404,
      1193.848999992013,
      624.0890420079231,
      1304.1600410044193
    ]
  },