{
  "eth_blockNumber": {
    "FREE_RPC": [
      812.3841250091791,
      292.2381249964237,
      279.3139169961214,
      765.8773750066757,
      304.14833299815655,
      291.2919169962406,
      288.392500013113,
      322.6130830049515,
      286.67216600477695,
      294.6262089908123,
      286.1435000002384,
      268.24866600334644,
      304.67341700196266,
      302.62350000441074,
      287.04804199934006,
      280.09062500298023,
      283.1105839908123,
      774.6583340018988,
      298.1798329949379,
      293.3961250036955,
      289.6120410114527,
      322.36141699552536,
      273.5042079985142,
      277.5031670033932,
      312.382125005126,
      281.3593339920044,
      284.528415992856,
      291.59112499654293,
      281.46154199540615,
      282.99841699004173
    ],
    "HYPERRPC": [
      548.0122089982033,
      521.0683749914169,
      533.9731249958277,
      538.1592500060797,
      539.7475840002298,
      541.9772080034018,
      555.27349999547,
      521.297290995717,
      520.796250000596,
      519.357916995883,
      535.9783329963684,
      523.1297919899225,
      526.8471660017967,
      522.5809170007706,
      540.4680420011282,
      536.905916005373,
      527.0010420084,
      542.0044590085745,
      526.0003329962492,
      530.8214589953423,
      549.0747499912977,
      515.2012500017881,
      536.2888330072165,
      521.311875000596,
      528.0911660045385,
      531.1463750004768,
      533.8799580037594,
      528.1539579927921,
      553.4960840046406,
      526.5437079966068
    ],
    "LOCAL_PROXY": [
      198.34566700458527,
      178.5170840024948,
      177.70074999332428,
      180.10674999654293,
      184.06787499785423,
      209.2193330079317,
      182.63216699659824,
      184.954916998744,
      180.69083400070667,
      191.99591699242592,
      184.2251670062542,
      181.4714159965515,
      184.87283299863338,
      179.3154999911785,
      176.62487499415874,
      177.74591700732708,
      179.1780419945717,
      179.94133299589157,
      180.27612499892712,
      177.40704199671745,
      180.41525000333786,
      181.7016659975052,
      176.2899580001831,
      180.5559159964323,
      178.37104099988937,
      176.17591699957848,
      176.24137499928474,
      183.16991698741913,
      182.0069580078125,
      183.5569999963045
    ]
  },
  "eth_getLogs": {
    "FREE_RPC": [
      291.1194999963045,
      324.8799999952316,
      285.3542910069227,
      398.36820800602436,
      334.31895799934864,
      343.34475000202656,
      779.2189580053091,
      317.20641699433327,
      293.7367080003023,
      315.29479199647903,
      307.0724159926176,
      330.4774589985609,
      308.3048750013113,
      300.327791005373,
      288.96975000202656,
      302.8625830113888,
      290.85400000214577,
      285.3679170012474,
      310.17812499403954,
      311.60195799171925,
      315.25808300077915,
      306.79483400285244,
      306.28437499701977,
      300.3675419986248,
      306.11174999177456,
      292.12695901095867,
      295.626458004117,
      292.39779099822044,
      295.77604100108147,
      299.57379199564457
    ],
    "HYPERRPC": [
      529.3552919924259,
      544.6942919939756,
      523.4361670017242,
      539.1370420008898,
      524.5013750046492,
      538.7569580078125,
      532.7049579918385,
      539.5675000101328,
      532.9767500013113,
      541.3164580017328,
      544.3940420001745,
      525.8182920068502,
      530.6665839999914,
      529.6141249984503,
      526.7847920060158,
      527.6686660051346,
      536.4485840052366,
      538.7194170057774,
      528.2547090053558,
      524.7942499965429,
      524.9767079949379,
      519.9842920005322,
      537.8987080007792,
      519.6517910063267,
      535.898792013526,
      529.8411670029163,
      523.6962080001831,
      527.0506249964237,
      523.3825000077486,
      525.5414170026779
    ],
    "LOCAL_PROXY": [
      192.00529100000858,
      185.40275000035763,
      182.6803329885006,
      177.9302500039339,
      180.2830410003662,
      185.5219999998808,
      183.28733399510384,
      181.5807499885559,
      185.26749999821186,
      180.64125001430511,
      176.764250010252,
      181.1394999921322,
      183.9845419973135,
      179.45983299613,
      173.97541600465775,
      198.22312499582767,
      183.9243749976158,
      182.66979199647903,
      178.6638339906931,
      181.95724999904633,
      184.2640420049429,
      178.8373750001192,
      177.78345799446106,
      181.28029100596905,
      184.45049999654293,
      180.97574999928474,
      180.15633399784565,
      186.70037500560284,
      184.82400000095367,
      182.5071670114994
    ]
  },
  "eth_getBlockReceipts": {
    "FREE_RPC": [
      353.0029999911785,
      363.70341700315475,
      357.76537500321865,
      348.8637499958277,
      346.1693339943886,
      597.6931249946356,
      328.15000000596046,
      461.9202089905739,
      376.27354100346565,
      321.52133299410343,
      359.6397500038147,
      352.5346249938011,
      815.4937500059605,
      353.79512499272823,
      348.7613749951124,
      322.6975000053644,
      368.1432919949293,
      374.2299579977989,
      334.5579169988632,
      331.2537499964237,
      381.6356250047684,
      341.88854199647903,
      342.328208014369,
      982.4537079930305,
      341.33566699922085,
      360.9108330011368,
      325.38345800340176,
      553.4497079998255,
      358.91183398664,
      314.2395000010729
    ],
    "HYPERRPC": [
      544.8077089935541,
      550.7870839983225,
      541.8258329927921,
      560.2743749916553,
      552.2752909958363,
      573.1488340049982,
      561.5576250106096,
      551.8081669956446,
      551.9230419993401,
      535.716333001852,
      549.4904160052538,
      559.6272500008345,
      551.7945000082254,
      540.7536669969559,
      544.2485840022564,
      536.436875000596,
      556.2321249991655,
      546.7596250027418,
      546.9359579980373,
      536.2189159989357,
      549.7657500058413,
      550.5347089916468,
      547.8446250110865,
      537.8972090035677,
      546.4688749909401,
      543.5060000121593,
      539.2427919954062,
      543.009957998991,
      551.8976249992847,
      544.1152089983225
    ],
    "LOCAL_PROXY": [
      577.8223329931498,
      397.8305000066757,
      386.8093329966068,
      388.5062500089407,
      395.9057089984417,
      381.82745899260044,
      381.17570801079273,
      396.4115840047598,
      397.7470000088215,
      400.557250007987,
      408.14925000071526,
      390.0092500001192,
      387.2405419945717,
      381.49141700565815,
      378.5577079951763,
      392.71866600215435,
      398.2902909964323,
      394.0349169969559,
      381.9504579901695,
      390.33399999141693,
      395.2692919969559,
      400.0292920023203,
      382.2082089930773,
      389.8713340014219,
      389.7287500053644,
      380.62395898997784,
      382.4142500013113,
      385.98499999940395,
      412.1324169933796,
      387.0585830062628
    ]
  }
}