{
  "eth_blockNumber": {
    "FREE_RPC": [
      316.6236659884453,
      754.0322920084,
      283.8671659976244,
      283.03633400797844,
      275.98925000429153,
      290.4943750053644,
      292.2068749964237,
      745.6154160052538,
      311.31370800733566,
      286.6067919880152,
      287.7598340064287,
      288.84291699528694,
      284.1681250035763,
      294.06066600978374,
      284.1466670036316,
      274.99270801246166,
      276.00208300352097,
      290.130249992013,
      278.3877079933882,
      292.6385000050068,
      287.2014999985695,
      295.85737501084805,
      286.88475000858307,
      288.40683399140835,
      288.098999992013,
      550.194832995534,
      490.0668749958277,
      284.3917089998722,
      286.4373750090599,
      294.0149170011282
    ],
    "OUR_NODE": [
      360.32945799827576,
      394.50104200839996,
      397.221916988492,
      386.34754198789597,
      401.2474579960108,
      415.319958999753,
      631.5594999939203,
      369.19666700065136,
      442.6202079951763,
      353.31041699647903,
      354.89145900309086,
      346.66200000047684,
      358.8146670013666,
      347.67745800316334,
      345.7407499998808,
      344.27520801126957,
      342.84512500464916,
      343.5392500013113,
      345.39495900273323,
      341.5641670078039,
      349.7498330026865,
      337.9820830076933,
      376.25045900046825,
      346.21649999916553,
      360.49516600370407,
      342.749582991004,
      348.9469580054283,
      340.5587500035763,
      351.75604099035263,
      341.89108400046825
    ],
    "HYPERRPC": [
      543.7647499889135,
      516.4751249998808,
      523.5887500047684,
      544.2264170050621,
      542.0792919993401,
      517.4219159930944,
      530.3144579976797,
      525.4993330091238,
      540.8662080019712,
      524.2360830008984,
      522.1127500087023,
      534.6292499899864,
      527.9857080131769,
      524.5767910033464,
      526.1255419999361,
      536.9877090007067,
      543.3012499958277,
      524.093957990408,
      530.9195410013199,
      537.4813749939203,
      526.9677920043468,
      522.5838750004768,
      539.5276250094175,
      517.1501249969006,
      532.6516669988632,
      553.8292500078678,
      534.1901249885559,
      522.8640000075102,
      538.7455000132322,
      533.5223750025034
    ],
    "LOCAL_PROXY": [
      181.1891250014305,
      181.54650001227856,
      179.85508300364017,
      177.75850000977516,
      175.9532919973135,
      175.43387499451637,
      180.0012499988079,
      183.2439579963684,
      180.26991699635983,
      177.04433299601078,
      179.8340420126915,
      179.66545800864697,
      182.63708300888538,
      179.45087499916553,
      182.09987498819828,
      180.93791699409485,
      177.908041998744,
      181.81225000321865,
      179.97091700136662,
      177.96470800042152,
      176.64774999022484,
      235.0754580050707,
      179.59154200553894,
      179.67462499439716,
      178.97908300161362,
      180.55045799911022,
      180.02229200303555,
      179.44900000095367,
      179.74233400821686,
      181.29395799338818
    ],
    "BLAST": [
      213.0836250036955,
      191.14416700601578,
      194.50962498784065,
      205.65600000321865,
      185.72312499582767,
      201.90258300304413,
      204.52066700160503,
      192.17308400571346,
      192.55700001120567,
      202.4270840138197,
      208.62583400309086,
      209.1727910041809,
      190.66016700863838,
      193.92854200303555,
      214.2582500129938,
      195.47641699016094,
      192.85966700315475,
      207.53524999320507,
      199.83925001323223,
      200.61837500333786,
      199.67974999547005,
      205.2321250140667,
      186.9518750011921,
      193.18337500095367,
      206.00558300316334,
      198.67379100620747,
      189.51958300173283,
      189.82324999570847,
      197.30912500619888,
      197.40558299422264
    ]
  },
  "eth_getLogs": {
    "FREE_RPC": [
      1753.5694590061903,
      2146.4571669995785,
      2017.752416998148,
      2019.8822919875383,
      1625.4706249982119,
      1469.2902909964323,
      1691.0744999945164,
      1604.9130000025034,
      2309.793084010482,
      1790.126374989748,
      1770.2467910051346,
      2145.644375011325,
      1726.1013749986887,
      2125.920499995351,
      2080.3751669973135,
      2112.490667000413,
      2544.9937919974327,
      1653.8917080014944,
      2020.4874999970198,
      1981.9030420035124,
      1652.2673330008984,
      1824.126249998808,
      1448.9254590123892,
      2216.5346670001745,
      2034.4625840038061,
      1683.5727909952402,
      1353.4337499886751,
      1756.5185000002384,
      1758.521167010069,
      2409.6522090137005
    ],
    "OUR_NODE": [
      25739.139250010252,
      25436.87649999559,
      26030.888457998633,
      25208.422291994095,
      20605.92154200375,
      10110.497500002384,
      10082.45266699791,
      25171.01633299887,
      24487.978750005364,
      16971.206790998578,
      15246.887415990233,
      9937.183541998267,
      16053.089625000954,
      11093.595208987594,
      10262.528667002916,
      10189.160833001137,
      10247.75637499988,
      10371.257249996066,
      14215.00891700387,
      10253.353708997369,
      13063.358833998442,
      9878.61724999547,
      12150.085291996598,
      11274.722874999046,
      10785.71237500012,
      18200.500042006373,
      10899.486874997616,
      10053.099041000009,
      24387.44237498939,
      19115.600541993976
    ],
    "HYPERRPC": [
      948.120084002614,
      829.0646670013666,
      859.9512919932604,
      804.7969159930944,
      825.3576250076294,
      805.0821249932051,
      789.9703750014305,
      808.7989999949932,
      858.4821249991655,
      827.1602500081062,
      764.2416249960661,
      748.8804170042276,
      762.843332991004,
      821.7180410027504,
      840.6313330084085,
      732.7451249957085,
      784.6255839914083,
      782.903833001852,
      852.3488340079784,
      809.4612500071526,
      904.3339159935713,
      732.3888339996338,
      851.6887089908123,
      768.306083008647,
      821.5002500116825,
      816.6584579944611,
      913.9144169986248,
      763.121208012104,
      786.0538749992847,
      875.7363329976797
    ],
    "LOCAL_PROXY": [
      4376.962499991059,
      2793.6860840022564,
      2722.513833001256,
      2986.4961670041084,
      2926.2919999957085,
      2710.319290995598,
      3090.46875,
      3032.339750006795,
      2628.7989159971476,
      2896.913791000843,
      3002.285750001669,
      2935.3732919991016,
      2869.382458001375,
      2308.9959580004215,
      2647.0470000058413,
      2844.521916002035,
      2853.829709008336,
      3728.0565840005875,
      3339.9789160043,
      3038.4720409959555,
      3127.153416991234,
      2614.0648749917746,
      2816.9243330061436,
      2341.816165998578,
      2952.5222920030355,
      2485.4578749984503,
      2871.7781669944525,
      2872.368625000119,
      2468.6833750009537,
      3076.798000007868
    ],
    "BLAST": [
      674.6877080053091,
      202.05724999308586,
      676.3450840115547,
      207.34508299827576,
      668.7054590135813,
      192.30550000071526,
      666.9048330038786,
      695.3669590055943,
      664.8188749998808,
      671.9916670024395,
      676.122083991766,
      679.2522079944611,
      686.5878329873085,
      683.6254590004683,
      704.4503339976072,
      659.8192500025034,
      666.9031659960747,
      668.6455419957638,
      193.09929199516773,
      660.4398330003023,
      687.361040994525,
      664.7479999959469,
      664.9880000054836,
      683.0712499916553,
      212.50679099559784,
      685.4307499974966,
      873.2569169998169,
      424.52099999785423,
      286.10166600346565,
      703.0805000066757
    ]
  },