{
  "FREE_RPC": [
    313.37345899641514,
    776.8616250008345,
    353.3468340039253,
    780.5855409950018,
    294.03041699528694,
    369.65579199790955,
    300.73020799458027,
    284.4028750061989,
    295.6383330076933,
    303.98445799946785,
    295.75658299028873,
    315.02245800197124,
    294.81379199028015,
    399.4025419950485,
    310.9060840010643,
    311.0046250075102,
    291.40670900046825,
    300.63133300840855,
    320.23749999701977,
    304.8479579985142,
    310.081708997488,
    305.31074999272823,
    308.64566600322723,
    311.72154100239277,
    289.8261670023203,
    296.66091699898243,
    328.40187498927116,
    298.10504199564457,
    317.8918749988079,
    296.5957910120487
  ],
  "OUR_NODE": [
    375.7452920079231,
    355.3695000112057,
    347.3361250013113,
    346.0625,
    343.81754200160503,
    340.6802079975605,
    356.85054199397564,
    348.253875002265,
    349.4794580042362,
    342.3792500048876,
    349.0589580088854,
    341.567124992609,
    345.90612499415874,
    351.93904100358486,
    364.9980410039425,
    350.1157499998808,
    342.1578329950571,
    346.56154200434685,
    349.5310830026865,
    344.7335000038147,
    360.5269999951124,
    339.9547500014305,
    347.9568749964237,
    347.06458300352097,
    360.1513750106096,
    353.23375000059605,
    355.480166003108,
    360.62154100835323,
    343.4852920025587,
    344.55229200422764
  ],
  "HYPERRPC": [
    570.8502079993486,
    520.8454169929028,
    540.3284579962492,
    535.548249989748,
    550.156874999404,
    536.911709010601,
    548.8807919919491,
    545.6134169995785,
    530.8246660083532,
    542.0551249980927,
    533.6194159984589,
    546.4283749908209,
    526.037416011095,
    532.3518749922514,
    536.9620840102434,
    534.8319170027971,
    523.765000000596,
    540.8804169893265,
    537.1069159954786,
    539.6535000056028,
    529.3029170036316,
    525.2440000027418,
    535.1282079964876,
    548.8929580003023,
    539.2099169939756,
    528.8117080032825,
    520.636749997735,
    530.6113329976797,
    526.6042909920216,
    528.3535829931498
  ],
  "LOCAL_PROXY": [
    579.1564159989357,
    176.5875409990549,
    181.52041698992252,
    177.29599998891354,
    178.2796249985695,
    178.05637499690056,
    181.5547090023756,
    177.2089589983225,
    179.08854199945927,
    179.68262499570847,
    183.41045799851418,
    187.43470799922943,
    178.11870899796486,
    179.6251669973135,
    177.8762920051813,
    181.33141699433327,
    184.2355000078678,
    180.9824170023203,
    179.83625000715256,
    178.99687498807907,
    177.38004100322723,
    176.2889999896288,
    179.8599169999361,
    178.6395419985056,
    182.0957079976797,
    177.29199999570847,
    179.8222499936819,
    181.71966698765755,
    177.78187499940395,
    178.36054199934006
  ],
  "BLAST": [
    278.8082920014858,
    1371.9310000091791,
    203.7973749935627,
    232.94299998879433,
    197.81166599690914,
    207.7581249922514,
    200.41237500309944,
    662.09154099226,
    213.70125000178814,
    207.7560420036316,
    214.52837499976158,
    199.27391600608826,
    202.43900001049042,
    188.54495799541473,
    211.45954199135303,
    190.67670899629593,
    200.90029200911522,
    206.44237500429153,
    199.22975000739098,
    198.12075001001358,
    198.15974999964237,
    676.881082996726,
    193.85662499070168,
    218.4369580000639,
    227.621833011508,
    212.3811659961939,
    195.49558401107788,
    216.911917001009,
    195.33125001192093,
    238.06658400595188
  ]
}