{
  "FREE_RPC": [
    320.6532499939203,
    766.701459005475,
    310.46933299303055,
    415.28695799410343,
    343.79433301091194,
    284.81562501192093,
    283.8709580004215,
    308.68687500059605,
    295.99262499809265,
    293.81633299589157,
    310.73462499678135,
    291.2875829935074,
    307.5455839931965,
    286.0605420023203,
    306.43666599690914,
    304.95908400416374,
    295.61666698753834,
    301.7160409986973,
    315.793708011508,
    295.52741600573063,
    831.5306670069695,
    303.0900409966707,
    299.02279199659824,
    293.49866700172424,
    305.58808401227,
    310.3409169912338,
    302.46349999308586,
    303.49583299458027,
    289.2229579985142,
    291.67245899140835
  ],
  "OUR_NODE": [
    341.4844170063734,
    354.16329200565815,
    341.3950839936733,
    344.1822080016136,
    362.9829590022564,
    347.72795900702477,
    344.16737499833107,
    358.78133399784565,
    339.802124992013,
    348.85270799696445,
    340.7219170033932,
    347.65137499570847,
    344.7559999972582,
    353.38837499916553,
    347.07362499833107,
    354.51733399927616,
    342.46795800328255,
    355.45833300054073,
    347.05262500047684,
    348.98162500560284,
    348.8465000092983,
    341.18137499690056,
    345.8285000026226,
    353.2780419886112,
    343.7923330068588,
    347.1272080093622,
    342.1077079921961,
    348.2317079901695,
    341.4264589995146,
    344.3264999985695
  ],
  "HYPERRPC": [
    566.4518330097198,
    523.8496250063181,
    534.1041249930859,
    533.4815829992294,
    544.7514169961214,
    521.9746250063181,
    540.8681250065565,
    545.5625839978456,
    532.6681250035763,
    544.9903330057859,
    535.16295799613,
    546.0347080081701,
    538.1959580034018,
    522.9920420050621,
    530.3937920033932,
    544.2122920006514,
    521.5920419991016,
    555.3403750061989,
    531.0137500017881,
    537.0780420005322,
    544.7260000109673,
    529.527666002512,
    548.1174169927835,
    535.6367920041084,
    544.4457079917192,
    525.2894999980927,
    510.7565419971943,
    535.7921670079231,
    534.4958329945803,
    540.859999999404
  ],
  "LOCAL_PROXY": [
    548.726291000843,
    178.40566700696945,
    182.98450000584126,
    179.66129200160503,
    182.23729200661182,
    183.14445899426937,
    193.03579199314117,
    183.53766699135303,
    180.0474160015583,
    179.94750000536442,
    188.44074998795986,
    178.77833300828934,
    176.09812499582767,
    178.53479200601578,
    184.59895899891853,
    181.46250000596046,
    179.04783299565315,
    177.78879199922085,
    180.71279199421406,
    189.1650000065565,
    190.08066700398922,
    176.5007089972496,
    178.38737501204014,
    186.91949999332428,
    195.233957991004,
    183.1500409990549,
    182.73625001311302,
    182.20983299613,
    185.31145898997784,
    186.1892499923706
  ],
  "BLAST": [
    478.22933299839497,
    413.0099589973688,
    428.8641249984503,
    210.41395799815655,
    217.6982909888029,
    214.16562500596046,
    191.45095799863338,
    211.625,
    281.08391700685024,
    278.0837499946356,
    207.70200000703335,
    219.22204199433327,
    222.88045899569988,
    206.3666670024395,
    219.31454201042652,
    239.19720900058746,
    225.89712500572205,
    225.82595799863338,
    209.1867499947548,
    209.66537500917912,
    215.0860829949379,
    195.19908300042152,
    202.35341599583626,
    212.5172500014305,
    213.1891250014305,
    232.49475000798702,
    213.24050000309944,
    196.87191699445248,
    208.84683300554752,
    223.36954200267792
  ]
}