{
  "eth_blockNumber": {
    "FREE_RPC": [
      302.5523329973221,
      793.198082998395,
      285.81133300065994,
      307.8966670036316,
      272.81858299672604,
      268.85950000584126,
      283.56850001215935,
      275.30208300054073,
      288.20287500321865,
      272.8507909923792,
      292.8982920050621,
      281.37066699564457,
      299.08158299326897,
      270.72291600704193,
      282.194625005126,
      295.52845799922943,
      280.8024999946356,
      266.6436250060797,
      299.7615000009537,
      280.38929100334644,
      296.9773340076208,
      738.3667500019073,
      737.7250829935074,
      286.3932909965515,
      283.39304199814796,
      280.1365830004215,
      277.473374992609,
      291.6692500114441,
      279.4481250047684,
      275.52229200303555
    ],
    "OUR_NODE": [
      345.257041990757,
      352.3609579950571,
      343.4184579998255,
      354.70441699028015,
      350.3338330090046,
      341.63904199004173,
      359.5655000060797,
      347.9543329924345,
      356.72450000047684,
      347.6816660016775,
      344.11800000071526,
      345.128875002265,
      345.6524579972029,
      352.16320899128914,
      350.78700000047684,
      341.50008299946785,
      339.3735830038786,
      351.23379200696945,
      349.53924998641014,
      351.05658400058746,
      358.88525000214577,
      345.23429100215435,
      353.95191699266434,
      368.5957079976797,
      352.01929201185703,
      346.8700420111418,
      348.49987499415874,
      350.6979999989271,
      357.24941600859165,
      355.58349999785423
    ],
    "HYPERRPC": [
      551.0731669962406,
      522.4288749992847,
      542.358750000596,
      539.2795829921961,
      565.628250002861,
      550.6922090053558,
      547.8379999995232,
      528.1155840009451,
      558.6629999876022,
      556.4355420023203,
      528.580208003521,
      531.8997080028057,
      543.9900839924812,
      1000.236040994525,
      529.6347499936819,
      540.1416250020266,
      514.3040830045938,
      535.3411670029163,
      541.7710410058498,
      529.5902500003576,
      542.1981250047684,
      529.598374992609,
      544.4508329927921,
      523.496833011508,
      523.8066249936819,
      514.7690420001745,
      525.0202500075102,
      540.5297080129385,
      534.6169169992208,
      553.0865840017796
    ],
    "LOCAL_PROXY": [
      605.7579170018435,
      184.45462499558926,
      181.1164159923792,
      182.11941601336002,
      178.58458399772644,
      176.84775000810623,
      179.92083398997784,
      192.62350000441074,
      176.8987499922514,
      181.90720899403095,
      181.6667079925537,
      182.5179159939289,
      180.6947920024395,
      178.88108299672604,
      180.99583299458027,
      181.02179200947285,
      187.75116600096226,
      184.82904198765755,
      180.5461249947548,
      180.84154200553894,
      181.32979099452496,
      178.56604100763798,
      178.13320799171925,
      182.3128750026226,
      181.6484590023756,
      178.05404199659824,
      180.58916600048542,
      205.27583400905132,
      262.67012499272823,
      249.89625000953674
    ],
    "BLAST": [
      969.6190000027418,
      429.6774999946356,
      378.00612500309944,
      432.07324999570847,
      327.2222909927368,
      318.34258300065994,
      321.70504200458527,
      288.91058298945427,
      1389.738040998578,
      205.12091699242592,
      194.8744159936905,
      189.41137498617172,
      202.07324999570847,
      204.7905000001192,
      288.53112499415874,
      215.97891700267792,
      203.36570799350739,
      237.76854199171066,
      207.1729589998722,
      194.72683399915695,
      209.80058400332928,
      204.52799999713898,
      215.32479199767113,
      211.62383300065994,
      201.1633329987526,
      202.2169589996338,
      193.72920800745487,
      199.093332991004,
      202.17325000464916,
      224.53583300113678
    ]
  },
  "eth_getLogs": {
    "FREE_RPC": [
      294.95016600191593,
      783.1182079911232,
      315.82037499547005,
      304.59112499654293,
      280.0010419934988,
      285.6599999964237,
      294.1554579883814,
      780.9777079969645,
      307.4479999989271,
      313.77987499535084,
      304.81841699779034,
      283.07362499833107,
      295.65475000441074,
      351.82762499153614,
      284.78595800697803,
      299.4029170125723,
      313.9418749958277,
      330.1962500065565,
      292.2553329914808,
      306.57237499952316,
      323.8424579948187,
      289.91358299553394,
      298.6430420130491,
      304.0670839995146,
      301.8186669945717,
      290.23554199934006,
      324.9932499974966,
      306.3910000026226,
      301.96204200387,
      299.11058300733566
    ],
    "OUR_NODE": [
      363.40533401072025,
      342.52187499403954,
      342.035125002265,
      337.8869169950485,
      336.0910830050707,
      347.7999590039253,
      333.06166699528694,
      342.83474999666214,
      342.5998330116272,
      341.6447499990463,
      336.60287499427795,
      341.868208989501,
      340.03125,
      337.3148339986801,
      351.85729199647903,
      337.3314170092344,
      339.0818329900503,
      335.3712919950485,
      345.2421659976244,
      342.03933399915695,
      347.43845899403095,
      335.6626249998808,
      342.87579099833965,
      332.8972090035677,
      339.2622500061989,
      339.4083749949932,
      347.2224169969559,
      341.37225000560284,
      337.61500000953674,
      338.1834589987993
    ],
    "HYPERRPC": [
      531.7740000039339,
      519.9750420004129,
      529.7406249940395,
      531.3536249995232,
      533.8437079936266,
      528.2651250064373,
      537.011000007391,
      519.7356670051813,
      530.4983330070972,
      518.0584589987993,
      529.334207996726,
      527.0621670037508,
      536.0771249979734,
      520.4635419994593,
      528.239417001605,
      526.606124997139,
      535.9432500004768,
      534.288582995534,
      530.8552089929581,
      520.3441250026226,
      534.8382080048323,
      524.6389579921961,
      530.7022919952869,
      529.191790997982,
      521.6798329949379,
      524.7426249980927,
      528.6630000025034,
      524.0793749988079,
      534.0101670026779,
      513.8185410052538
    ],
    "LOCAL_PROXY": [
      5.151041999459267,
      1.8999170064926147,
      1.1145839989185333,
      1.1634159982204437,
      1.179416000843048,
      1.008542001247406,
      0.9728750139474869,
      0.9109999984502792,
      0.9576669931411743,
      0.8736670017242432,
      0.9496250003576279,
      0.8695000112056732,
      0.8952080011367798,
      0.8793749958276749,
      1.6869169920682907,
      1.0798330008983612,
      1.1442089974880219,
      0.8952919989824295,
      0.7637500017881393,
      0.8464590013027191,
      0.8083750009536743,
      0.7396669983863831,
      0.7500839978456497,
      0.6875419914722443,
      0.7354999929666519,
      0.6944999992847443,
      0.6818329989910126,
      0.7084579914808273,
      0.7087500095367432,
      0.6994590014219284
    ],
    "BLAST": [
      204.91683299839497,
      197.40270800888538,
      200.81066700816154,
      204.3212500065565,
      210.9524170011282,
      195.83508299291134,
      244.8371659964323,
      212.1855410039425,
      672.2565830051899,
      678.8626659959555,
      196.4980830103159,
      663.3617500066757,
      688.8691249936819,
      697.4777500033379,
      701.5646660029888,
      663.4859170019627,
      668.341333001852,
      666.9305000007153,
      665.1905840039253,
      665.4609590023756,
      657.2523339986801,
      657.4964170008898,
      655.1013329923153,
      194.9600830078125,
      674.9644170105457,
      202.6867499947548,
      660.5922920107841,
      660.522750005126,
      673.7941669970751,
      664.2100419998169
    ]
  },