{
  "eth_blockNumber": {
    "FREE_RPC": [
      350.24366699159145,
      284.0862919986248,
      278.0718749910593,
      298.8387500047684,
      284.456291988492,
      301.14945800602436,
      294.4563339948654,
      284.47329200804234,
      278.8856250047684,
      295.94216699898243,
      275.6111660003662,
      298.00958400964737,
      274.44325000047684,
      284.9864999949932,
      285.9637090116739,
      274.916207998991,
      303.82154101133347,
      315.9923339933157,
      296.5115000009537,
      303.6067080050707,
      267.5768329948187,
      309.9488330036402,
      277.0746250003576,
      273.67179200053215,
      297.8837080001831,
      279.9113329946995,
      290.6127500087023,
      271.0362080037594,
      778.6733749955893,
      275.46637500822544
    ],
    "OUR_NODE": [
      359.0280420035124,
      351.521292001009,
      349.26429200172424,
      347.1797919869423,
      344.1782079935074,
      350.56700000166893,
      345.8229579925537,
      348.0625,
      347.87533301115036,
      343.9316670000553,
      344.3545000106096,
      340.64758299291134,
      353.4219160079956,
      346.0262500047684,
      349.3238749951124,
      355.44045799970627,
      368.88645799458027,
      341.8727080076933,
      351.3693750053644,
      342.027999997139,
      340.14733299613,
      344.35950000584126,
      346.43600000441074,
      366.854750007391,
      375.1569579988718,
      343.00225000083447,
      356.5772910118103,
      359.4287919998169,
      340.48575000464916,
      344.43979200720787
    ],
    "HYPERRPC": [
      524.1860830038786,
      526.3613750040531,
      542.5812499970198,
      526.0478340089321,
      537.6920830011368,
      516.6497910022736,
      525.1079999953508,
      523.3222499936819,
      536.8008330017328,
      519.5030419975519,
      537.0243750065565,
      517.6183339953423,
      517.9829999953508,
      520.9860420078039,
      529.029791995883,
      519.649749994278,
      531.230917006731,
      516.7433750033379,
      522.8022910058498,
      532.7319170087576,
      524.9762500077486,
      523.0749159902334,
      521.1636669933796,
      532.6419169902802,
      529.5768750011921,
      520.2652919888496,
      533.2785419970751,
      521.735833004117,
      532.3916669934988,
      520.6616670042276
    ],
    "LOCAL_PROXY": [
      176.31912499666214,
      175.76787500083447,
      175.79608400166035,
      178.71837501227856,
      177.96083399653435,
      177.67816700041294,
      178.37233299016953,
      177.5165840089321,
      172.93583300709724,
      174.3206669986248,
      176.6878750026226,
      181.79279100894928,
      177.46879199147224,
      178.50383399426937,
      172.27891600131989,
      172.14904199540615,
      174.64158399403095,
      176.1102920025587,
      172.6004589945078,
      179.39433400332928,
      175.1944169998169,
      177.16658300161362,
      172.15841600298882,
      176.54695899784565,
      176.46599999070168,
      181.73141700029373,
      177.01549999415874,
      174.85841700434685,
      175.608957991004,
      175.29837499558926
    ],
    "BLAST": [
      201.2197090089321,
      209.6832089871168,
      205.74120900034904,
      196.23824998736382,
      196.32508300244808,
      196.32412500679493,
      204.3890410065651,
      201.6410000026226,
      194.54633401334286,
      204.29220800101757,
      194.72354198992252,
      195.51795899868011,
      191.09829099476337,
      199.84908299148083,
      211.6571249961853,
      195.73829101026058,
      214.58695900440216,
      196.2015410065651,
      193.11308400332928,
      191.80387499928474,
      193.5017079859972,
      196.89816600084305,
      200.22716699540615,
      204.85291700065136,
      215.1646250039339,
      207.60074999928474,
      210.74066700041294,
      192.0376249998808,
      189.98575000464916,
      196.19270899891853
    ]
  },
  "eth_getLogs": {
    "FREE_RPC": [
      790.6166249960661,
      763.6311669945717,
      1056.639792010188,
      1559.872916996479,
      513.4045000076294,
      1089.4696670025587,
      524.944832995534,
      994.9856249988079,
      615.422624990344,
      1353.360833004117,
      1082.4874159991741,
      575.4680840075016,
      567.7817090004683,
      663.3828329890966,
      1368.6844169944525,
      815.702833995223,
      535.0863749980927,
      513.0231669992208,
      533.4877920001745,
      501.50245800614357,
      543.9641249924898,
      685.3049999922514,
      665.0579999983311,
      557.2022089958191,
      1033.0720000118017,
      461.86212499439716,
      1270.8052079975605,
      561.8490829914808,
      545.5129590034485,
      560.2423340082169
    ],
    "OUR_NODE": [
      718.5753330141306,
      778.3890839964151,
      808.8497080057859,
      707.2617920041084,
      714.9742500036955,
      832.6936670094728,
      743.0332079976797,
      826.48658400774,
      799.8269170075655,
      731.145333006978,
      757.8016249984503,
      855.5867919921875,
      782.9604170024395,
      765.9601249992847,
      686.7767080068588,
      712.5614169985056,
      731.6457500010729,
      932.6215410083532,
      859.8577909916639,
      764.3352079987526,
      793.8020409941673,
      701.8392090052366,
      725.1447080075741,
      868.8151250034571,
      690.0255409926176,
      777.2353749871254,
      669.3820829987526,
      591.1167919933796,
      801.7329159975052,
      777.4230830073357
    ],
    "HYPERRPC": [
      561.4126670062542,
      573.8976670056581,
      562.3969160020351,
      569.3606249988079,
      574.3754590004683,
      566.6509999930859,
      597.5172089934349,
      551.5106659978628,
      569.1500840038061,
      603.0199169963598,
      585.6877920031548,
      556.2362919896841,
      540.7470420002937,
      555.9927079975605,
      566.6191249936819,
      573.8166670054197,
      605.3226249963045,
      579.2698750048876,
      567.6224170029163,
      566.725584000349,
      557.520874992013,
      542.8395420014858,
      568.9580830037594,
      560.5967500060797,
      563.4888329952955,
      560.274749994278,
      563.8599580079317,
      563.0470419973135,
      563.7462500035763,
      591.0487499982119
    ],
    "LOCAL_PROXY": [
      975.395667001605,
      598.3219590038061,
      451.65762500464916,
      459.1745409965515,
      421.30358301103115,
      431.9600419998169,
      461.0577500015497,
      418.4622090011835,
      447.5967500060797,
      482.67299999296665,
      419.76808300614357,
      454.8079160004854,
      462.8783330023289,
      462.274959012866,
      495.8140000104904,
      427.490665987134,
      477.0764999985695,
      419.30724999308586,
      458.09083300828934,
      441.2142080068588,
      424.97091698646545,
      428.8780000060797,
      437.7762500047684,
      457.86229199171066,
      465.7103749960661,
      457.47766599059105,
      431.5030419975519,
      457.51783299446106,
      442.92141699790955,
      518.0223750025034
    ],
    "BLAST": [
      733.7081249952316,
      838.3128749877214,
      696.8232499957085,
      1415.0721250027418,
      717.5345840007067,
      698.0934579968452,
      619.3100840002298,
      923.5069999992847,
      697.1543330103159,
      992.0341250002384,
      756.0055840015411,
      703.0944579988718,
      804.7259999960661,
      792.2353749871254,
      917.9874580055475,
      744.1439999938011,
      705.0535000115633,
      765.4833749979734,
      767.4545420110226,
      753.6256659924984,
      1034.3310420066118,
      600.5554160028696,
      2308.5178750008345,
      677.5630840063095,
      714.0795840024948,
      827.668624997139,
      1169.672083005309,
      610.7017499953508,
      535.5289999991655,
      522.7511250078678
    ]
  },