{
  "eth_blockNumber": {
    "FREE_RPC": [
      324.11741699278355,
      762.1655420064926,
      279.5060410052538,
      274.3024170100689,
      290.5439999997616,
      295.92116698622704,
      303.62308399379253,
      284.2265419960022,
      286.08529099822044,
      273.89304199814796,
      299.4844999909401,
      281.7469579875469,
      285.17516699433327,
      290.0535419881344,
      298.1945829987526,
      270.50758300721645,
      281.8840830028057,
      281.9188749939203,
      297.0500829964876,
      282.2774589955807,
      297.50520899891853,
      279.1499160081148,
      279.2465839982033,
      295.0772500038147,
      273.8675419986248,
      298.3665410131216,
      289.395249992609,
      271.61899998784065,
      269.50841699540615,
      285.12491700053215,
      301.5308749973774,
      278.391665995121,
      291.0509169995785,
      268.89670799672604,
      274.3805000036955,
      278.8449170142412,
      278.182250007987,
      286.2285420000553,
      269.7116660028696,
      281.57983399927616,
      287.36783400177956,
      285.1092090010643,
      281.2395000010729,
      756.9499170035124,
      283.0415830016136,
      278.86566700041294,
      774.489417001605,
      729.4371249973774,
      288.88362500071526,
      265.24016600847244
    ],
    "OUR_NODE": [
      363.95525000989437,
      351.4491659998894,
      353.4893340021372,
      341.5597090125084,
      356.43925000727177,
      338.9586250036955,
      338.2360000014305,
      346.311125010252,
      342.932250007987,
      338.8602499961853,
      389.4640000015497,
      343.6819579899311,
      340.58408300578594,
      340.06962499022484,
      349.0819999873638,
      344.8523340076208,
      350.76783299446106,
      351.0712500065565,
      340.18120799958706,
      344.08262500166893,
      352.48174999654293,
      339.460583999753,
      351.1732090115547,
      338.1077910065651,
      349.55745799839497,
      350.167582988739,
      339.8013329952955,
      347.0625840127468,
      352.1412080079317,
      342.47400000691414,
      336.7943750023842,
      343.3312090039253,
      350.0447500050068,
      347.81987500190735,
      342.13775001466274,
      344.8827499896288,
      345.95304100215435,
      346.21345798671246,
      344.0988339930773,
      345.53100000321865,
      357.59300000965595,
      345.03116700053215,
      348.3439159989357,
      347.6166249960661,
      355.20391699671745,
      343.255249992013,
      352.94537499547005,
      340.75520800054073,
      352.6812919974327,
      347.4790830016136
    ],
    "HYPERRPC": [
      574.4364160001278,
      535.6661669909954,
      533.0356670022011,
      534.1542080044746,
      534.3112910091877,
      532.1347080022097,
      534.8922919929028,
      541.5717079937458,
      546.4406249970198,
      536.7913750112057,
      520.8427499979734,
      516.3137919902802,
      534.5358750075102,
      520.1552499979734,
      525.9309160113335,
      530.1719169914722,
      523.8677500039339,
      526.0406669974327,
      521.9037079960108,
      535.440750002861,
      523.0992919951677,
      546.669042006135,
      523.3061250001192,
      540.8920409977436,
      532.785874992609,
      534.3835000097752,
      524.3710419982672,
      523.394917011261,
      539.8719999939203,
      527.2769999951124,
      520.1396249979734,
      525.8640419989824,
      523.938249990344,
      531.0417499989271,
      543.1341660022736,
      535.937833994627,
      535.6670420020819,
      522.4386249929667,
      528.9645830094814,
      532.3346249908209,
      531.5337910056114,
      532.1677920073271,
      526.9535419940948,
      533.5561670064926,
      520.0552500039339,
      527.3803329914808,
      516.6180839985609,
      520.9561669975519,
      536.0961250066757,
      534.9212090075016
    ],
    "LOCAL_PROXY": [
      689.0405420064926,
      181.26820799708366,
      178.70825000107288,
      176.7473340034485,
      176.44720900058746,
      177.38216699659824,
      176.704916998744,
      178.5068749934435,
      185.84929199516773,
      180.2961670011282,
      183.27966599166393,
      178.22041699290276,
      174.3728750050068,
      177.3577499985695,
      181.36387500166893,
      180.0612920075655,
      178.78241699934006,
      175.56433399021626,
      175.95141600072384,
      179.59845799207687,
      175.76445800065994,
      178.31633299589157,
      184.43654200434685,
      185.43083399534225,
      180.0337499976158,
      180.20958399772644,
      179.9440830051899,
      178.29449999332428,
      182.8264999985695,
      175.3200829923153,
      177.3114160001278,
      181.7014999985695,
      180.0092500001192,
      182.4763749986887,
      180.53037498891354,
      180.35449999570847,
      174.48995800316334,
      178.5954999923706,
      177.24762499332428,
      181.7267500013113,
      176.663291990757,
      174.26054200530052,
      173.42370900511742,
      171.99087500572205,
      172.16933399438858,
      179.92420800030231,
      177.05879200994968,
      177.22783298790455,
      178.96354199945927,
      180.154791995883
    ],
    "BLAST": [
      214.05766700208187,
      194.58649998903275,
      195.49741600453854,
      683.4667499959469,
      221.32141700387,
      205.0398749858141,
      189.95974999666214,
      198.47983300685883,
      200.03462500870228,
      201.54375000298023,
      227.16662499308586,
      199.0149580091238,
      212.85683399438858,
      194.52583399415016,
      203.85108399391174,
      194.43100000917912,
      202.4824160039425,
      195.5580419898033,
      199.18125000596046,
      203.2963339984417,
      208.72395800054073,
      195.8417920023203,
      198.01012501120567,
      212.23745799064636,
      204.19920900464058,
      210.42633299529552,
      201.28495898842812,
      196.45941700041294,
      193.6514169871807,
      193.67029099166393,
      194.52545899152756,
      196.2164580076933,
      195.27000001072884,
      194.74662499129772,
      200.67562499642372,
      193.66670800745487,
      196.61516600847244,
      201.6938749998808,
      193.0449580103159,
      211.46141700446606,
      197.66137498617172,
      204.02729099988937,
      229.4219999909401,
      194.00474999845028,
      195.53462499380112,
      212.4699579924345,
      202.7352920025587,
      216.10687498748302,
      205.02016700804234,
      192.52000001072884
    ]
  },
  "eth_getLogs": {
    "FREE_RPC": [
      554.8207499980927,
      581.8968750089407,
      1058.6585839986801,
      874.7267909944057,
      1289.4222500026226,
      529.6215000003576,
      963.1955000013113,
      570.6349169909954,
      637.4983329921961,
      604.4869169890881,
      574.9352920055389,
      721.6421249955893,
      611.0672500133514,
      618.5467920005322,
      587.8339579999447,
      603.0450409948826,
      590.1648750007153,
      581.0490420013666,
      566.2647500038147,
      608.8333339989185,
      492.8810420036316,
      592.1401669979095,
      543.618917003274,
      502.86604100465775,
      522.8904159963131,
      589.6229999959469,
      539.3977079987526,
      544.8247499912977,
      728.8027500063181,
      616.0811669975519,
      549.5201250016689,
      677.1487919986248,
      537.9203339964151,
      541.8923330008984,
      669.8266250044107,
      612.4279170036316,
      592.3229580074549,
      555.728290989995,
      581.451041996479,
      499.3968330025673,
      700.7194579988718,
      568.8226669877768,
      452.7881249934435,
      583.8989159911871,
      593.2194169908762,
      571.265000000596,
      571.7000410109758,
      552.7126249969006,
      533.5739580094814,
      507.770540997386
    ],