{
  "FREE_RPC": [
    366.3961249887943,
    333.26512499153614,
    310.14762499928474,
    332.9135420024395,
    787.6447080075741,
    320.50470900535583,
    383.60537499189377,
    353.50687500834465,
    373.55866698920727,
    343.134957998991,
    325.51412500441074,
    331.6617089956999,
    384.5119169950485,
    813.1307920068502,
    307.1811660081148,
    798.4141659885645,
    309.1586670130491,
    314.79341600835323,
    303.0855419933796,
    307.0892080068588,
    304.5051670074463,
    301.33070799708366,
    315.6541250050068,
    293.4257909953594,
    293.47541700303555,
    300.9565000087023,
    294.14529199898243,
    325.59441600739956,
    311.8245829939842,
    350.94758400321007
  ],
  "OUR_NODE": [
    358.97587499022484,
    338.50770799815655,
    350.3243750035763,
    348.9164160043001,
    350.71408300101757,
    356.52991700172424,
    351.7695830017328,
    355.26754200458527,
    342.96266700327396,
    346.0305840075016,
    351.99437499046326,
    340.1699590086937,
    344.95870800316334,
    345.5219999998808,
    345.0947080105543,
    347.7768750041723,
    351.8458749949932,
    345.5688749998808,
    353.16041599214077,
    356.98412500321865,
    341.7235410064459,
    347.12600000202656,
    345.11675000190735,
    342.93333299458027,
    351.28204099833965,
    345.24462500214577,
    344.9886669963598,
    340.2630839943886,
    354.6912499964237,
    355.30441699922085
  ],
  "HYPERRPC": [
    582.0953749865294,
    534.679000005126,
    556.0432499945164,
    515.0222499966621,
    554.7333329916,
    543.0643749982119,
    531.8232499957085,
    524.8233750015497,
    537.3129999935627,
    525.6210840046406,
    540.716958001256,
    528.5671669989824,
    529.735333994031,
    520.0454590022564,
    538.4658749997616,
    522.4179579913616,
    530.7832919955254,
    523.3123330026865,
    535.719374999404,
    533.4027919918299,
    519.9387499988079,
    542.2786250114441,
    520.7252920120955,
    519.5571660101414,
    524.4349169880152,
    548.0435000061989,
    520.5127079933882,
    534.3876660019159,
    521.824874997139,
    537.8898749947548
  ],
  "LOCAL_PROXY": [
    599.6690410077572,
    181.2750830054283,
    181.2961249947548,
    189.83245798945427,
    182.0771669894457,
    178.307166993618,
    179.02933399379253,
    182.69966699182987,
    181.77170799672604,
    185.1775840073824,
    188.52600000798702,
    181.7720420062542,
    182.29333300888538,
    182.00404100120068,
    180.75666700303555,
    181.99045799672604,
    175.21345899999142,
    180.40116599202156,
    206.87016700208187,
    183.42316599190235,
    184.6345829963684,
    194.77666600048542,
    179.74849998950958,
    181.78641699254513,
    180.6855830103159,
    182.78170800209045,
    182.99375000596046,
    183.76129199564457,
    180.12687499821186,
    180.81754200160503
  ],
  "BLAST": [
    771.8722089976072,
    260.04858399927616,
    229.54770800471306,
    202.88750000298023,
    199.26404099166393,
    212.20649999380112,
    232.05337500572205,
    223.09454099833965,
    201.90770798921585,
    192.95654200017452,
    308.0706249922514,
    211.45283399522305,
    205.96762500703335,
    212.83845800161362,
    207.90933400392532,
    193.92733401060104,
    204.30133399367332,
    201.4675840139389,
    216.74687500298023,
    200.25908298790455,
    192.40187500417233,
    379.17979200184345,
    217.3378749936819,
    206.77454200387,
    196.62712500989437,
    220.5471669882536,
    304.6883749961853,
    216.0177499949932,
    212.84895899891853,
    199.52795800566673
  ]
}