{
  "eth_blockNumber": {
    "FREE_RPC": 308.3831250021855,
    "OUR_NODE": 357.2764023244381,
    "HYPERRPC": 607.9221109996239,
    "LOCAL_PROXY": 326.14250034093857,
    "BLAST": 329.10008367399377
  },
  "eth_getLogs": {
    "FREE_RPC": 1859.885138998429,
    "OUR_NODE": 12978.147097334266,
    "HYPERRPC": 6325.410763333241,
    "LOCAL_PROXY": 38876.015097002186,
    "BLAST": 6581.4369306663675
  },
  "eth_getBlockReceipts": {
    "FREE_RPC": 7357.636791671316,
    "OUR_NODE": 2476.4141943355403,
    "HYPERRPC": 21317.762027665973,
    "LOCAL_PROXY": 11957.412639002005,
    "BLAST": 5383.6611106693745
  }
}