{
  "eth_blockNumber": {
    "FREE_RPC": 359.52022939771416,
    "OUR_NODE": 350.11303340047596,
    "HYPERRPC": 533.3449623972177,
    "LOCAL_PROXY": 183.55428740233182,
    "BLAST": 331.1458043009043
  },
  "eth_getLogs": {
    "FREE_RPC": 296.54878320097924,
    "OUR_NODE": 347.44612510055305,
    "HYPERRPC": 529.2430788993836,
    "LOCAL_PROXY": 182.37234160155057,
    "BLAST": 218.50806670039893
  },
  "eth_getBlockReceipts": {
    "FREE_RPC": 347.3999250024557,
    "OUR_NODE": 347.0425373017788,
    "HYPERRPC": 530.7965456992388,
    "LOCAL_PROXY": 184.52871279865502,
    "BLAST": 231.4024707019329
  }
}