{
  "FREE_RPC": 373.03593333413204,
  "OUR_NODE": 348.39161246716975,
  "HYPERRPC": 533.2659402986368,
  "LOCAL_PROXY": 197.21662496576707,
  "BLAST": 241.15770706633728
}