{
  "eth_blockNumber": {
    "FREE_RPC": 331.5853110010425,
    "OUR_NODE": 350.25932913273573,
    "HYPERRPC": 552.9858403002222,
    "LOCAL_PROXY": 201.2817596991857,
    "BLAST": 308.77660276442765
  },
  "eth_getLogs": {
    "FREE_RPC": 335.46694443225863,
    "OUR_NODE": 341.2853209997217,
    "HYPERRPC": 527.8611374999086,
    "LOCAL_PROXY": 1.0818820665280025,
    "BLAST": 500.0380722021063
  },
  "eth_getBlockReceipts": {
    "FREE_RPC": 410.93809723258016,
    "OUR_NODE": 364.60730836788815,
    "HYPERRPC": 553.0788430690766,
    "LOCAL_PROXY": 404.89246526658536,
    "BLAST": 273.49564990003904
  }
}