{
  "eth_blockNumber": {
    "FREE_RPC": 340.4344056000312,
    "HYPERRPC": 532.4862708330154,
    "LOCAL_PROXY": 182.2591513986389
  },
  "eth_getLogs": {
    "FREE_RPC": 324.3059027001262,
    "HYPERRPC": 530.9177487020692,
    "LOCAL_PROXY": 182.57139026621977
  },
  "eth_getBlockReceipts": {
    "FREE_RPC": 403.95690696537497,
    "HYPERRPC": 548.2301653668285,
    "LOCAL_PROXY": 397.08969036638734
  }
}