{
  "eth_blockNumber": {
    "FREE_RPC": 334.7490166679025,
    "OUR_NODE": 370.65518893351157,
    "HYPERRPC": 531.2906180009246,
    "LOCAL_PROXY": 181.52011666744949,
    "BLAST": 198.68185143619775
  },
  "eth_getLogs": {
    "FREE_RPC": 1890.9466279005012,
    "OUR_NODE": 15584.094904232024,
    "HYPERRPC": 816.3628639002641,
    "LOCAL_PROXY": 2912.0100610335667,
    "BLAST": 582.8179777994752
  },
  "eth_getBlockReceipts": {
    "FREE_RPC": 438.0095902994275,
    "OUR_NODE": 358.77158336689075,
    "HYPERRPC": 558.7279833997289,
    "LOCAL_PROXY": 395.5466874991854,
    "BLAST": 290.1538097664714
  }
}