{
  "FREE_RPC": 338.9897194325924,
  "OUR_NODE": 347.39183203329645,
  "HYPERRPC": 536.678865301609,
  "LOCAL_PROXY": 195.10249313314756,
  "BLAST": 240.76838473379613
}