{
  "eth_blockNumber": {
    "FREE_RPC": 306.2107361341516,
    "OUR_NODE": 349.9230207681656,
    "HYPERRPC": 526.1272986665368,
    "LOCAL_PROXY": 176.30196126600106,
    "BLAST": 200.06306673338017
  },
  "eth_getLogs": {
    "FREE_RPC": 776.7942903990547,
    "OUR_NODE": 763.5953374346097,
    "HYPERRPC": 568.757105666399,
    "LOCAL_PROXY": 472.9655347004533,
    "BLAST": 834.7576500336329
  },
  "eth_getBlockReceipts": {
    "FREE_RPC": 438.2452361683051,
    "OUR_NODE": 369.82028606683014,
    "HYPERRPC": 554.2177181671063,
    "LOCAL_PROXY": 402.8616500332952,
    "BLAST": 318.6211319684982
  }
}