{
  "eth_blockNumber": {
    "FREE_RPC": 319.2268903652827,
    "OUR_NODE": 350.31167510102193,
    "HYPERRPC": 542.6011544351776,
    "LOCAL_PROXY": 194.03822640031575,
    "BLAST": 246.4077499335011
  },
  "eth_getLogs": {
    "FREE_RPC": 665.4031347334385,
    "OUR_NODE": 710.9796194667617,
    "HYPERRPC": 564.5249652668833,
    "LOCAL_PROXY": 474.57805136442187,
    "BLAST": 1211.5651125326754
  },
  "eth_getBlockReceipts": {
    "FREE_RPC": 437.1463986004392,
    "OUR_NODE": 368.637141533196,
    "HYPERRPC": 551.4719026322166,
    "LOCAL_PROXY": 414.2177472005288,
    "BLAST": 313.5729444329937
  }
}