{
  "FREE_RPC": 342.66268196602664,
  "OUR_NODE": 350.18569713532924,
  "HYPERRPC": 536.2149165987969,
  "LOCAL_PROXY": 192.98398479769628,
  "BLAST": 278.72563610126576
}