{
  "eth_blockNumber": {
    "FREE_RPC": 322.4191983994842,
    "OUR_NODE": 347.3233450010419,
    "HYPERRPC": 531.0877533599735,
    "LOCAL_PROXY": 188.84720591843129,
    "BLAST": 211.56551085919142
  },
  "eth_getLogs": {
    "FREE_RPC": 617.1115366393328,
    "OUR_NODE": 736.4026432606578,
    "HYPERRPC": 560.9008125013113,
    "LOCAL_PROXY": 509.87108168184756,
    "BLAST": 859.2542508995533
  },
  "eth_getBlockReceipts": {
    "FREE_RPC": 424.0549666014314,
    "OUR_NODE": 368.27926330178974,
    "HYPERRPC": 551.8255925005674,
    "LOCAL_PROXY": 393.3512408000231,
    "BLAST": 255.59599328011274
  }
}